YM,FROM_CD,TO_CD,MOVE_TYPE,CNT,TOTAL,비중
202501,SP,SP,유지,49,3252903,1.50634679238821E-05
202501,SP,PT,하락,76,3252903,2.33637461676539E-05
202501,SP,GD,하락,14,3252903,4.30384797825204E-06
202501,SP,SV,하락,14,3252903,4.30384797825204E-06
202501,SP,BK,하락,14,3252903,4.30384797825204E-06
202501,SP,PP,하락,6,3252903,1.84450627639373E-06
202501,SP,RD,하락,0,3252903,0
202501,PT,SP,승급,68,3252903,2.09044044657956E-05
202501,PT,PT,유지,885,3252903,0.000272064675768075
202501,PT,GD,하락,1108,3252903,0.000340618825707376
202501,PT,SV,하락,236,3252903,7.25505802048201E-05
202501,PT,BK,하락,94,3252903,2.88972649968351E-05
202501,PT,PP,하락,92,3252903,2.82824295713706E-05
202501,PT,RD,하락,118,3252903,3.62752901024101E-05
202501,GD,SP,승급,46,3252903,1.41412147856853E-05
202501,GD,PT,승급,1668,3252903,0.000512772744837458
202501,GD,GD,유지,5343,3252903,0.00164253283912862
202501,GD,SV,하락,1627,3252903,0.000500168618615434
202501,GD,BK,하락,96,3252903,2.95121004222997E-05
202501,GD,PP,하락,20,3252903,6.14835425464577E-06
202501,GD,RD,하락,23,3252903,7.07060739284264E-06
202501,SV,SP,승급,2,3252903,6.14835425464577E-07
202501,SV,PT,승급,2,3252903,6.14835425464577E-07
202501,SV,GD,승급,1560,3252903,0.00047957163186237
202501,SV,SV,유지,13410,3252903,0.00412247152773999
202501,SV,BK,하락,4000,3252903,0.00122967085092915
202501,SV,PP,하락,514,3252903,0.000158012704344396
202501,SV,RD,하락,315,3252903,9.68365795106709E-05
202501,BK,SP,승급,0,3252903,0
202501,BK,PT,승급,4,3252903,1.22967085092915E-06
202501,BK,GD,승급,58,3252903,1.78302273384727E-05
202501,BK,SV,승급,3936,3252903,0.00120999611731429
202501,BK,BK,유지,30873,3252903,0.00949090704518395
202501,BK,PP,하락,8974,3252903,0.00275876655405956
202501,BK,RD,하락,2562,3252903,0.000787604180020124
202501,PP,SP,승급,0,3252903,0
202501,PP,PT,승급,0,3252903,0
202501,PP,GD,승급,34,3252903,1.04522022328978E-05
202501,PP,SV,승급,416,3252903,0.000127885768496632
202501,PP,BK,승급,8525,3252903,0.00262073600104276
202501,PP,PP,유지,117974,3252903,0.036267297241879
202501,PP,RD,하락,31515,3252903,0.00968826921675808
202501,RD,SP,승급,1,3252903,3.07417712732289E-07
202501,RD,PT,승급,14,3252903,4.30384797825204E-06
202501,RD,GD,승급,52,3252903,1.5985721062079E-05
202501,RD,SV,승급,346,3252903,0.000106366528605372
202501,RD,BK,승급,2235,3252903,0.000687078587956665
202501,RD,PP,승급,29959,3252903,0.00920992725574664
202501,RD,RD,유지,2984025,3252903,0.917342140235968
202502,SP,SP,유지,108,3289395,3.28327853602258E-05
202502,SP,PT,하락,0,3289395,0
202502,SP,GD,하락,0,3289395,0
202502,SP,SV,하락,0,3289395,0
202502,SP,BK,하락,0,3289395,0
202502,SP,PP,하락,0,3289395,0
202502,SP,RD,하락,0,3289395,0
202502,PT,SP,승급,0,3289395,0
202502,PT,PT,유지,1770,3289395,0.000538092871181479
202502,PT,GD,하락,0,3289395,0
202502,PT,SV,하락,0,3289395,0
202502,PT,BK,하락,0,3289395,0
202502,PT,PP,하락,0,3289395,0
202502,PT,RD,하락,4,3289395,1.21602908741577E-06
202502,GD,SP,승급,0,3289395,0
202502,GD,PT,승급,0,3289395,0
202502,GD,GD,유지,6027,3289395,0.00183225182746371
202502,GD,SV,하락,1363,3289395,0.000414361911536924
202502,GD,BK,하락,80,3289395,2.43205817483154E-05
202502,GD,PP,하락,30,3289395,9.12021815561828E-06
202502,GD,RD,하락,19,3289395,5.77613816522491E-06
202502,SV,SP,승급,0,3289395,0
202502,SV,PT,승급,0,3289395,0
202502,SV,GD,승급,1332,3289395,0.000404937686109452
202502,SV,SV,유지,14164,3289395,0.00430595899853924
202502,SV,BK,하락,3321,3289395,0.00100960814982694
202502,SV,PP,하락,352,3289395,0.000107010559692588
202502,SV,RD,하락,173,3289395,5.25932580307321E-05
202502,BK,SP,승급,0,3289395,0
202502,BK,PT,승급,0,3289395,0
202502,BK,GD,승급,50,3289395,1.52003635926971E-05
202502,BK,SV,승급,3178,3289395,0.00096613510995183
202502,BK,BK,유지,32497,3289395,0.00987932431343758
202502,BK,PP,하락,7309,3289395,0.00222198914998047
202502,BK,RD,하락,1513,3289395,0.000459963002315015
202502,PP,SP,승급,0,3289395,0
202502,PP,PT,승급,0,3289395,0
202502,PP,GD,승급,14,3289395,4.2561018059552E-06
202502,PP,SV,승급,294,3289395,8.93781379250592E-05
202502,PP,BK,승급,7171,3289395,0.00218003614646462
202502,PP,PP,유지,122934,3289395,0.0373728299580926
202502,PP,RD,하락,24098,3289395,0.00732596723713631
202502,RD,SP,승급,0,3289395,0
202502,RD,PT,승급,20,3289395,6.08014543707885E-06
202502,RD,GD,승급,49,3289395,1.48963563208432E-05
202502,RD,SV,승급,269,3289395,8.17779561287106E-05
202502,RD,BK,승급,1685,3289395,0.000512252253073893
202502,RD,PP,승급,24726,3289395,0.00751688380386059
202502,RD,RD,유지,3034845,3289395,0.922614948949579
202503,SP,SP,유지,108,3332083,3.24121578003909E-05
202503,SP,PT,하락,0,3332083,0
202503,SP,GD,하락,0,3332083,0
202503,SP,SV,하락,0,3332083,0
202503,SP,BK,하락,0,3332083,0
202503,SP,PP,하락,0,3332083,0
202503,SP,RD,하락,0,3332083,0
202503,PT,SP,승급,0,3332083,0
202503,PT,PT,유지,1788,3332083,0.000536601279139805
202503,PT,GD,하락,0,3332083,0
202503,PT,SV,하락,0,3332083,0
202503,PT,BK,하락,0,3332083,0
202503,PT,PP,하락,0,3332083,0
202503,PT,RD,하락,2,3332083,6.00225144451684E-07
202503,GD,SP,승급,0,3332083,0
202503,GD,PT,승급,0,3332083,0
202503,GD,GD,유지,6077,3332083,0.00182378410141644
202503,GD,SV,하락,1302,3332083,0.000390746569038046
202503,GD,BK,하락,50,3332083,1.50056286112921E-05
202503,GD,PP,하락,8,3332083,2.40090057780674E-06
202503,GD,RD,하락,17,3332083,5.10191372783931E-06
202503,SV,SP,승급,0,3332083,0
202503,SV,PT,승급,0,3332083,0
202503,SV,GD,승급,1232,3332083,0.000369738688982237
202503,SV,SV,유지,14199,3332083,0.00426129841303473
202503,SV,BK,하락,3384,3332083,0.00101558094441225
202503,SV,PP,하락,332,3332083,9.96373739789795E-05
202503,SV,RD,하락,167,3332083,5.01187995617156E-05
202503,BK,SP,승급,0,3332083,0
202503,BK,PT,승급,0,3332083,0
202503,BK,GD,승급,48,3332083,1.44054034668404E-05
202503,BK,SV,승급,3121,3332083,0.000936651337916853
202503,BK,BK,유지,32685,3332083,0.00980917942320164
202503,BK,PP,하락,7377,3332083,0.00221393044531004
202503,BK,RD,하락,1582,3332083,0.000474778089261282
202503,PP,SP,승급,0,3332083,0
202503,PP,PT,승급,0,3332083,0
202503,PP,GD,승급,10,3332083,3.00112572225842E-06
202503,PP,SV,승급,246,3332083,7.38276927675571E-05
202503,PP,BK,승급,6892,3332083,0.0020683758477805
202503,PP,PP,유지,123786,3332083,0.0371497348655481
202503,PP,RD,하락,24937,3332083,0.00748390721359582
202503,RD,SP,승급,0,3332083,0
202503,RD,PT,승급,26,3332083,7.80292687787189E-06
202503,RD,GD,승급,55,3332083,1.65061914724213E-05
202503,RD,SV,승급,257,3332083,7.71289310620414E-05
202503,RD,BK,승급,1574,3332083,0.000472377188683475
202503,RD,PP,승급,23089,3332083,0.00692929918012246
202503,RD,RD,유지,3077732,3332083,0.923666067141785
202504,SP,SP,유지,107,3391931,3.15454530177648E-05
202504,SP,PT,하락,0,3391931,0
202504,SP,GD,하락,0,3391931,0
202504,SP,SV,하락,0,3391931,0
202504,SP,BK,하락,0,3391931,0
202504,SP,PP,하락,0,3391931,0
202504,SP,RD,하락,1,3391931,2.94817317923036E-07
202504,PT,SP,승급,0,3391931,0
202504,PT,PT,유지,1813,3391931,0.000534503797394463
202504,PT,GD,하락,0,3391931,0
202504,PT,SV,하락,0,3391931,0
202504,PT,BK,하락,0,3391931,0
202504,PT,PP,하락,0,3391931,0
202504,PT,RD,하락,0,3391931,0
202504,GD,SP,승급,0,3391931,0
202504,GD,PT,승급,0,3391931,0
202504,GD,GD,유지,5979,3391931,0.00176271274386183
202504,GD,SV,하락,1513,3391931,0.000446058602017553
202504,GD,BK,하락,52,3391931,1.53305005319979E-05
202504,GD,PP,하락,4,3391931,1.17926927169214E-06
202504,GD,RD,하락,13,3391931,3.83262513299946E-06
202504,SV,SP,승급,0,3391931,0
202504,SV,PT,승급,0,3391931,0
202504,SV,GD,승급,1180,3391931,0.000347884435149182
202504,SV,SV,유지,13838,3391931,0.00407968204541897
202504,SV,BK,하락,3922,3391931,0.00115627352089415
202504,SV,PP,하락,450,3391931,0.000132667793065366
202504,SV,RD,하락,155,3391931,4.56966842780705E-05
202504,BK,SP,승급,0,3391931,0
202504,BK,PT,승급,0,3391931,0
202504,BK,GD,승급,54,3391931,1.59201351678439E-05
202504,BK,SV,승급,3357,3391931,0.00098970173626763
202504,BK,BK,유지,31798,3391931,0.00937460107531668
202504,BK,PP,하락,8430,3391931,0.00248530999009119
202504,BK,RD,하락,2031,3391931,0.000598773972701685
202504,PP,SP,승급,0,3391931,0
202504,PP,PT,승급,0,3391931,0
202504,PP,GD,승급,16,3391931,4.71707708676857E-06
202504,PP,SV,승급,230,3391931,6.78079831222982E-05
202504,PP,BK,승급,7385,3391931,0.00217722589286162
202504,PP,PP,유지,121212,3391931,0.035735396740087
202504,PP,RD,하락,29629,3391931,0.00873514231274162
202504,RD,SP,승급,1,3391931,2.94817317923036E-07
202504,RD,PT,승급,13,3391931,3.83262513299946E-06
202504,RD,GD,승급,57,3391931,1.6804587121613E-05
202504,RD,SV,승급,214,3391931,6.30909060355296E-05
202504,RD,BK,승급,1533,3391931,0.000451954948376014
202504,RD,PP,승급,24543,3391931,0.00723570143378506
202504,RD,RD,유지,3132401,3391931,0.923486061479435
202505,SP,SP,유지,105,3439594,3.05268586932062E-05
202505,SP,PT,하락,0,3439594,0
202505,SP,GD,하락,0,3439594,0
202505,SP,SV,하락,0,3439594,0
202505,SP,BK,하락,0,3439594,0
202505,SP,PP,하락,0,3439594,0
202505,SP,RD,하락,2,3439594,5.8146397510869E-07
202505,PT,SP,승급,0,3439594,0
202505,PT,PT,유지,1825,3439594,0.00053058587728668
202505,PT,GD,하락,0,3439594,0
202505,PT,SV,하락,0,3439594,0
202505,PT,BK,하락,0,3439594,0
202505,PT,PP,하락,0,3439594,0
202505,PT,RD,하락,1,3439594,2.90731987554345E-07
202505,GD,SP,승급,0,3439594,0
202505,GD,PT,승급,0,3439594,0
202505,GD,GD,유지,5801,3439594,0.00168653625980276
202505,GD,SV,하락,1612,3439594,0.000468659963937604
202505,GD,BK,하락,66,3439594,1.91883111785868E-05
202505,GD,PP,하락,8,3439594,2.32585590043476E-06
202505,GD,RD,하락,9,3439594,2.61658788798911E-06
202505,SV,SP,승급,0,3439594,0
202505,SV,PT,승급,0,3439594,0
202505,SV,GD,승급,1240,3439594,0.000360507664567388
202505,SV,SV,유지,13635,3439594,0.00396413065030349
202505,SV,BK,하락,4016,3439594,0.00116757966201825
202505,SV,PP,하락,366,3439594,0.00010640790744489
202505,SV,RD,하락,161,3439594,4.68078499962496E-05
202505,BK,SP,승급,0,3439594,0
202505,BK,PT,승급,0,3439594,0
202505,BK,GD,승급,42,3439594,1.22107434772825E-05
202505,BK,SV,승급,3494,3439594,0.00101581756451488
202505,BK,BK,유지,31339,3439594,0.00911124975796562
202505,BK,PP,하락,8770,3439594,0.00254971953085161
202505,BK,RD,하락,1693,3439594,0.000492209254929506
202505,PP,SP,승급,0,3439594,0
202505,PP,PT,승급,0,3439594,0
202505,PP,GD,승급,12,3439594,3.48878385065214E-06
202505,PP,SV,승급,204,3439594,5.93093254610864E-05
202505,PP,BK,승급,7600,3439594,0.00220956310541302
202505,PP,PP,유지,120180,3439594,0.0349401702642812
202505,PP,RD,하락,29004,3439594,0.00843239056702622
202505,RD,SP,승급,1,3439594,2.90731987554345E-07
202505,RD,PT,승급,12,3439594,3.48878385065214E-06
202505,RD,GD,승급,55,3439594,1.5990259315489E-05
202505,RD,SV,승급,206,3439594,5.98907894361951E-05
202505,RD,BK,승급,1401,3439594,0.000407315514563637
202505,RD,PP,승급,25233,3439594,0.00733604024195879
202505,RD,RD,유지,3181501,3439594,0.924964109136136
202506,SP,SP,유지,105,3489443,3.00907623365678E-05
202506,SP,PT,하락,0,3489443,0
202506,SP,GD,하락,0,3489443,0
202506,SP,SV,하락,0,3489443,0
202506,SP,BK,하락,0,3489443,0
202506,SP,PP,하락,0,3489443,0
202506,SP,RD,하락,1,3489443,2.86578688919693E-07
202506,PT,SP,승급,0,3489443,0
202506,PT,PT,유지,1837,3489443,0.000526445051545476
202506,PT,GD,하락,0,3489443,0
202506,PT,SV,하락,0,3489443,0
202506,PT,BK,하락,0,3489443,0
202506,PT,PP,하락,0,3489443,0
202506,PT,RD,하락,0,3489443,0
202506,GD,SP,승급,0,3489443,0
202506,GD,PT,승급,0,3489443,0
202506,GD,GD,유지,5762,3489443,0.00165126640555527
202506,GD,SV,하락,1402,3489443,0.000401783321865409
202506,GD,BK,하락,48,3489443,1.37557770681453E-05
202506,GD,PP,하락,10,3489443,2.86578688919693E-06
202506,GD,RD,하락,7,3489443,2.00605082243785E-06
202506,SV,SP,승급,0,3489443,0
202506,SV,PT,승급,0,3489443,0
202506,SV,GD,승급,1264,3489443,0.000362235462794492
202506,SV,SV,유지,13694,3489443,0.00392440856606627
202506,SV,BK,하락,3794,3489443,0.00108727954576131
202506,SV,PP,하락,274,3489443,7.85225607639959E-05
202506,SV,RD,하락,150,3489443,4.29868033379539E-05
202506,BK,SP,승급,0,3489443,0
202506,BK,PT,승급,0,3489443,0
202506,BK,GD,승급,28,3489443,8.0242032897514E-06
202506,BK,SV,승급,3344,3489443,0.000958319135747453
202506,BK,BK,유지,31536,3489443,0.00903754553377144
202506,BK,PP,하락,8190,3489443,0.00234707946225228
202506,BK,RD,하락,1343,3489443,0.000384875179219148
202506,PP,SP,승급,0,3489443,0
202506,PP,PT,승급,0,3489443,0
202506,PP,GD,승급,12,3489443,3.43894426703631E-06
202506,PP,SV,승급,216,3489443,6.19009968066537E-05
202506,PP,BK,승급,7650,3489443,0.00219232697023565
202506,PP,PP,유지,120370,3489443,0.0344954767852634
202506,PP,RD,하락,27266,3489443,0.00781385453208435
202506,RD,SP,승급,0,3489443,0
202506,RD,PT,승급,6,3489443,1.71947213351816E-06
202506,RD,GD,승급,51,3489443,1.46155131349043E-05
202506,RD,SV,승급,161,3489443,4.61391689160706E-05
202506,RD,BK,승급,1347,3489443,0.000386021493974826
202506,RD,PP,승급,25315,3489443,0.00725473951000203
202506,RD,RD,유지,3234260,3489443,0.926869990425406
202507,SP,SP,유지,105,3537278,2.9683841643207E-05
202507,SP,PT,하락,0,3537278,0
202507,SP,GD,하락,0,3537278,0
202507,SP,SV,하락,0,3537278,0
202507,SP,BK,하락,0,3537278,0
202507,SP,PP,하락,0,3537278,0
202507,SP,RD,하락,0,3537278,0
202507,PT,SP,승급,0,3537278,0
202507,PT,PT,유지,1842,3537278,0.000520739393397974
202507,PT,GD,하락,0,3537278,0
202507,PT,SV,하락,0,3537278,0
202507,PT,BK,하락,0,3537278,0
202507,PT,PP,하락,0,3537278,0
202507,PT,RD,하락,1,3537278,2.82703253744829E-07
202507,GD,SP,승급,0,3537278,0
202507,GD,PT,승급,0,3537278,0
202507,GD,GD,유지,5800,3537278,0.00163967887172001
202507,GD,SV,하락,1270,3537278,0.000359033132255932
202507,GD,BK,하락,24,3537278,6.78487808987589E-06
202507,GD,PP,하락,16,3537278,4.52325205991726E-06
202507,GD,RD,하락,8,3537278,2.26162602995863E-06
202507,SV,SP,승급,0,3537278,0
202507,SV,PT,승급,0,3537278,0
202507,SV,GD,승급,1080,3537278,0.000305319514044415
202507,SV,SV,유지,13865,3537278,0.00391968061317205
202507,SV,BK,하락,3406,3537278,0.000962887282254886
202507,SV,PP,하락,234,3537278,6.61525613762899E-05
202507,SV,RD,하락,129,3537278,3.64687197330829E-05
202507,BK,SP,승급,0,3537278,0
202507,BK,PT,승급,0,3537278,0
202507,BK,GD,승급,20,3537278,5.65406507489657E-06
202507,BK,SV,승급,3000,3537278,0.000848109761234486
202507,BK,BK,유지,32154,3537278,0.00909004042091122
202507,BK,PP,하락,7796,3537278,0.00220395456619468
202507,BK,RD,하락,980,3537278,0.000277049188669932
202507,PP,SP,승급,0,3537278,0
202507,PP,PT,승급,0,3537278,0
202507,PP,GD,승급,10,3537278,2.82703253744829E-06
202507,PP,SV,승급,158,3537278,4.46671140916829E-05
202507,PP,BK,승급,6916,3537278,0.00195517570289923
202507,PP,PP,유지,121945,3537278,0.0344742482779131
202507,PP,RD,하락,24578,3537278,0.0069482805705404
202507,RD,SP,승급,2,3537278,5.65406507489657E-07
202507,RD,PT,승급,7,3537278,1.9789227762138E-06
202507,RD,GD,승급,64,3537278,1.8093008239669E-05
202507,RD,SV,승급,173,3537278,4.89076628978554E-05
202507,RD,BK,승급,879,3537278,0.000248496160041704
202507,RD,PP,승급,21741,3537278,0.00614625143966632
202507,RD,RD,유지,3289075,3537278,0.929832204310772
202508,SP,SP,유지,107,3549865,3.01419913151627E-05
202508,SP,PT,하락,0,3549865,0
202508,SP,GD,하락,0,3549865,0
202508,SP,SV,하락,0,3549865,0
202508,SP,BK,하락,0,3549865,0
202508,SP,PP,하락,0,3549865,0
202508,SP,RD,하락,0,3549865,0
202508,PT,SP,승급,0,3549865,0
202508,PT,PT,유지,1849,3549865,0.000520864877960148
202508,PT,GD,하락,0,3549865,0
202508,PT,SV,하락,0,3549865,0
202508,PT,BK,하락,0,3549865,0
202508,PT,PP,하락,0,3549865,0
202508,PT,RD,하락,0,3549865,0
202508,GD,SP,승급,0,3549865,0
202508,GD,PT,승급,0,3549865,0
202508,GD,GD,유지,5867,3549865,0.00165273890697252
202508,GD,SV,하락,510,3549865,0.000143667435240495
202508,GD,BK,하락,9,3549865,2.53530768071462E-06
202508,GD,PP,하락,8,3549865,2.25360682730188E-06
202508,GD,RD,하락,8,3549865,2.25360682730188E-06
202508,SV,SP,승급,0,3549865,0
202508,SV,PT,승급,0,3549865,0
202508,SV,GD,승급,494,3549865,0.000139160221585891
202508,SV,SV,유지,14123,3549865,0.00397846115274806
202508,SV,BK,하락,1438,3549865,0.000405085827207514
202508,SV,PP,하락,95,3549865,2.67615810742099E-05
202508,SV,RD,하락,44,3549865,1.23948375501604E-05
202508,BK,SP,승급,0,3549865,0
202508,BK,PT,승급,0,3549865,0
202508,BK,GD,승급,11,3549865,3.09870938754009E-06
202508,BK,SV,승급,1269,3549865,0.000357478382980761
202508,BK,BK,유지,32992,3549865,0.00929387455579297
202508,BK,PP,하락,3201,3549865,0.000901724431774166
202508,BK,RD,하락,379,3549865,0.000106764623443427
202508,PP,SP,승급,0,3549865,0
202508,PP,PT,승급,0,3549865,0
202508,PP,GD,승급,4,3549865,1.12680341365094E-06
202508,PP,SV,승급,60,3549865,1.69020512047641E-05
202508,PP,BK,승급,2827,3549865,0.000796368312597803
202508,PP,PP,유지,124255,3549865,0.0350027395407994
202508,PP,RD,하락,10177,3549865,0.00286686958518141
202508,RD,SP,승급,2,3549865,5.63401706825471E-07
202508,RD,PT,승급,11,3549865,3.09870938754009E-06
202508,RD,GD,승급,29,3549865,8.16932474896933E-06
202508,RD,SV,승급,81,3549865,2.28177691264316E-05
202508,RD,BK,승급,419,3549865,0.000118032657579936
202508,RD,PP,승급,9618,3549865,0.00270939880812369
202508,RD,RD,유지,3339978,3549865,0.940874652979761
202509,SP,SP,유지,109,3622437,3.00902403547667E-05
202509,SP,PT,하락,0,3622437,0
202509,SP,GD,하락,0,3622437,0
202509,SP,SV,하락,0,3622437,0
202509,SP,BK,하락,0,3622437,0
202509,SP,PP,하락,0,3622437,0
202509,SP,RD,하락,0,3622437,0
202509,PT,SP,승급,0,3622437,0
202509,PT,PT,유지,1860,3622437,0.000513466486787762
202509,PT,GD,하락,0,3622437,0
202509,PT,SV,하락,0,3622437,0
202509,PT,BK,하락,0,3622437,0
202509,PT,PP,하락,0,3622437,0
202509,PT,RD,하락,0,3622437,0
202509,GD,SP,승급,0,3622437,0
202509,GD,PT,승급,0,3622437,0
202509,GD,GD,유지,5891,3622437,0.00162625326541221
202509,GD,SV,하락,996,3622437,0.000274953021957318
202509,GD,BK,하락,26,3622437,7.17748852499022E-06
202509,GD,PP,하락,4,3622437,1.10422900384465E-06
202509,GD,RD,하락,2,3622437,5.52114501922325E-07
202509,SV,SP,승급,0,3622437,0
202509,SV,PT,승급,0,3622437,0
202509,SV,GD,승급,970,3622437,0.000267775533432327
202509,SV,SV,유지,14047,3622437,0.00387777620425145
202509,SV,BK,하락,2780,3622437,0.000767439157672031
202509,SV,PP,하락,172,3622437,4.74818471653199E-05
202509,SV,RD,하락,70,3622437,1.93240075672814E-05
202509,BK,SP,승급,0,3622437,0
202509,BK,PT,승급,0,3622437,0
202509,BK,GD,승급,32,3622437,8.8338320307572E-06
202509,BK,SV,승급,2352,3622437,0.000649286654260654
202509,BK,BK,유지,33184,3622437,0.00916068381589521
202509,BK,PP,하락,5756,3622437,0.00158898553653245
202509,BK,RD,하락,857,3622437,0.000236581064073716
202509,PP,SP,승급,0,3622437,0
202509,PP,PT,승급,0,3622437,0
202509,PP,GD,승급,12,3622437,3.31268701153395E-06
202509,PP,SV,승급,126,3622437,3.47832136211065E-05
202509,PP,BK,승급,5484,3622437,0.00151389796427101
202509,PP,PP,유지,124891,3622437,0.0344770661297905
202509,PP,RD,하락,18932,3622437,0.00522631587519673
202509,RD,SP,승급,0,3622437,0
202509,RD,PT,승급,4,3622437,1.10422900384465E-06
202509,RD,GD,승급,40,3622437,1.10422900384465E-05
202509,RD,SV,승급,136,3622437,3.75437861307181E-05
202509,RD,BK,승급,824,3622437,0.000227471174791998
202509,RD,PP,승급,18201,3622437,0.00502451802474412
202509,RD,RD,유지,3384679,3622437,0.934365180125976
202510,SP,SP,유지,109,3671048,2.96917937330157E-05
202510,SP,PT,하락,0,3671048,0
202510,SP,GD,하락,0,3671048,0
202510,SP,SV,하락,0,3671048,0
202510,SP,BK,하락,0,3671048,0
202510,SP,PP,하락,0,3671048,0
202510,SP,RD,하락,0,3671048,0
202510,PT,SP,승급,0,3671048,0
202510,PT,PT,유지,1863,3671048,0.000507484511234939
202510,PT,GD,하락,0,3671048,0
202510,PT,SV,하락,0,3671048,0
202510,PT,BK,하락,0,3671048,0
202510,PT,PP,하락,0,3671048,0
202510,PT,RD,하락,1,3671048,2.72401777367117E-07
202510,GD,SP,승급,0,3671048,0
202510,GD,PT,승급,0,3671048,0
202510,GD,GD,유지,5803,3671048,0.00158074751406138
202510,GD,SV,하락,1202,3671048,0.000327426936395275
202510,GD,BK,하락,32,3671048,8.71685687574774E-06
202510,GD,PP,하락,12,3671048,3.2688213284054E-06
202510,GD,RD,하락,10,3671048,2.72401777367117E-06
202510,SV,SP,승급,0,3671048,0
202510,SV,PT,승급,0,3671048,0
202510,SV,GD,승급,1312,3671048,0.000357391131905657
202510,SV,SV,유지,13356,3671048,0.00363819813851521
202510,SV,BK,하락,3262,3671048,0.000888574597771536
202510,SV,PP,하락,300,3671048,8.17205332101351E-05
202510,SV,RD,하락,171,3671048,4.6580703929777E-05
202510,BK,SP,승급,0,3671048,0
202510,BK,PT,승급,0,3671048,0
202510,BK,GD,승급,48,3671048,1.30752853136216E-05
202510,BK,SV,승급,3114,3671048,0.000848259134721202
202510,BK,BK,유지,31930,3671048,0.00869778875133204
202510,BK,PP,하락,7132,3671048,0.00194276947618228
202510,BK,RD,하락,1462,3671048,0.000398251398510725
202510,PP,SP,승급,0,3671048,0
202510,PP,PT,승급,0,3671048,0
202510,PP,GD,승급,26,3671048,7.08244621154504E-06
202510,PP,SV,승급,268,3671048,7.30036763343873E-05
202510,PP,BK,승급,6844,3671048,0.00186431776430055
202510,PP,PP,유지,121729,3671048,0.0331591959571218
202510,PP,RD,하락,24164,3671048,0.00658231654829901
202510,RD,SP,승급,0,3671048,0
202510,RD,PT,승급,13,3671048,3.54122310577252E-06
202510,RD,GD,승급,54,3671048,1.47096959778243E-05
202510,RD,SV,승급,217,3671048,5.91111856886644E-05
202510,RD,BK,승급,1239,3671048,0.000337505802157858
202510,RD,PP,승급,23092,3671048,0.00629030184296147
202510,RD,RD,유지,3422283,3671048,0.932235971853269
202511,SP,SP,유지,109,3727157,2.92448104547246E-05
202511,SP,PT,하락,0,3727157,0
202511,SP,GD,하락,0,3727157,0
202511,SP,SV,하락,0,3727157,0
202511,SP,BK,하락,0,3727157,0
202511,SP,PP,하락,0,3727157,0
202511,SP,RD,하락,0,3727157,0
202511,PT,SP,승급,0,3727157,0
202511,PT,PT,유지,1876,3727157,0.000503332701037279
202511,PT,GD,하락,0,3727157,0
202511,PT,SV,하락,0,3727157,0
202511,PT,BK,하락,0,3727157,0
202511,PT,PP,하락,0,3727157,0
202511,PT,RD,하락,0,3727157,0
202511,GD,SP,승급,0,3727157,0
202511,GD,PT,승급,0,3727157,0
202511,GD,GD,유지,5745,3727157,0.00154138932167333
202511,GD,SV,하락,1448,3727157,0.000388499867325149
202511,GD,BK,하락,78,3727157,2.09274790409956E-05
202511,GD,PP,하락,30,3727157,8.04903040038292E-06
202511,GD,RD,하락,25,3727157,6.70752533365243E-06
202511,SV,SP,승급,0,3727157,0
202511,SV,PT,승급,0,3727157,0
202511,SV,GD,승급,1542,3727157,0.000413720162579682
202511,SV,SV,유지,12648,3727157,0.00339347121680144
202511,SV,BK,하락,4102,3727157,0.00110057075674569
202511,SV,PP,하락,426,3727157,0.000114296231685437
202511,SV,RD,하락,212,3727157,5.68798148293726E-05
202511,BK,SP,승급,0,3727157,0
202511,BK,PT,승급,0,3727157,0
202511,BK,GD,승급,64,3727157,1.71712648541502E-05
202511,BK,SV,승급,4108,3727157,0.00110218056282577
202511,BK,BK,유지,29839,3727157,0.0080058339372342
202511,BK,PP,하락,9260,3727157,0.00248446738358486
202511,BK,RD,하락,2299,3727157,0.000616824029682678
202511,PP,SP,승급,0,3727157,0
202511,PP,PT,승급,0,3727157,0
202511,PP,GD,승급,32,3727157,8.58563242707511E-06
202511,PP,SV,승급,444,3727157,0.000119125649925667
202511,PP,BK,승급,8518,3727157,0.00228538803168206
202511,PP,PP,유지,117551,3727157,0.0315390524198471
202511,PP,RD,하락,30936,3727157,0.00830016014887487
202511,RD,SP,승급,0,3727157,0
202511,RD,PT,승급,4,3727157,1.07320405338439E-06
202511,RD,GD,승급,71,3727157,1.90493719475729E-05
202511,RD,SV,승급,413,3727157,0.000110808318511938
202511,RD,BK,승급,2153,3727157,0.000577652081734147
202511,RD,PP,승급,30002,3727157,0.00804956700240961
202511,RD,RD,유지,3463222,3727157,0.929185972042498
202512,SP,SP,유지,109,3779776,2.88376877359928E-05
202512,SP,PT,하락,0,3779776,0
202512,SP,GD,하락,0,3779776,0
202512,SP,SV,하락,0,3779776,0
202512,SP,BK,하락,0,3779776,0
202512,SP,PP,하락,0,3779776,0
202512,SP,RD,하락,0,3779776,0
202512,PT,SP,승급,0,3779776,0
202512,PT,PT,유지,1880,3779776,0.000497383971960243
202512,PT,GD,하락,0,3779776,0
202512,PT,SV,하락,0,3779776,0
202512,PT,BK,하락,0,3779776,0
202512,PT,PP,하락,0,3779776,0
202512,PT,RD,하락,0,3779776,0
202512,GD,SP,승급,0,3779776,0
202512,GD,PT,승급,0,3779776,0
202512,GD,GD,유지,5758,3779776,0.00152337069709951
202512,GD,SV,하락,1564,3779776,0.000413781134120117
202512,GD,BK,하락,92,3779776,2.43400667129481E-05
202512,GD,PP,하락,24,3779776,6.34958262076906E-06
202512,GD,RD,하락,29,3779776,7.67241233342928E-06
202512,SV,SP,승급,0,3779776,0
202512,SV,PT,승급,0,3779776,0
202512,SV,GD,승급,1692,3779776,0.000447645574764219
202512,SV,SV,유지,12428,3779776,0.00328802553378825
202512,SV,BK,하락,4418,3779776,0.00116885233410657
202512,SV,PP,하락,504,3779776,0.00013334123503615
202512,SV,RD,하락,325,3779776,8.59839313229144E-05
202512,BK,SP,승급,0,3779776,0
202512,BK,PT,승급,0,3779776,0
202512,BK,GD,승급,64,3779776,1.69322203220508E-05
202512,BK,SV,승급,4322,3779776,0.0011434540036235
202512,BK,BK,유지,28908,3779776,0.00764807226671633
202512,BK,PP,하락,9880,3779776,0.0026139115122166
202512,BK,RD,하락,2656,3779776,0.00070268714336511
202512,PP,SP,승급,0,3779776,0
202512,PP,PT,승급,0,3779776,0
202512,PP,GD,승급,50,3779776,1.32282971266022E-05
202512,PP,SV,승급,604,3779776,0.000159797829289355
202512,PP,BK,승급,9352,3779776,0.00247422069455968
202512,PP,PP,유지,116509,3779776,0.0308243133984659
202512,PP,RD,하락,33289,3779776,0.00880713566094922
202512,RD,SP,승급,0,3779776,0
202512,RD,PT,승급,12,3779776,3.17479131038453E-06
202512,RD,GD,승급,66,3779776,1.74613522071149E-05
202512,RD,SV,승급,432,3779776,0.000114292487173843
202512,RD,BK,승급,2729,3779776,0.000722000457169949
202512,RD,PP,승급,33205,3779776,0.00878491212177653
202512,RD,RD,유지,3508875,3779776,0.928328821602127
202601,SP,SP,유지,62,3817916,1.62392257975293E-05
202601,SP,PT,하락,62,3817916,1.62392257975293E-05
202601,SP,GD,하락,14,3817916,3.66692195428082E-06
202601,SP,SV,하락,6,3817916,1.57153798040606E-06
202601,SP,BK,하락,4,3817916,1.04769198693738E-06
202601,SP,PP,하락,0,3817916,0
202601,SP,RD,하락,7,3817916,1.83346097714041E-06
202601,PT,SP,승급,144,3817916,3.77169115297455E-05
202601,PT,PT,유지,925,3817916,0.000242278771979268
202601,PT,GD,하락,1158,3817916,0.00030330683021837
202601,PT,SV,하락,266,3817916,6.96715171313355E-05
202601,PT,BK,하락,148,3817916,3.87646035166829E-05
202601,PT,PP,하락,76,3817916,1.99061477518102E-05
202601,PT,RD,하락,141,3817916,3.69311425395425E-05
202601,GD,SP,승급,72,3817916,1.88584557648728E-05
202601,GD,PT,승급,1574,3817916,0.000412266796859858
202601,GD,GD,유지,5077,3817916,0.00132978305442026
202601,GD,SV,하락,1480,3817916,0.000387646035166829
202601,GD,BK,하락,66,3817916,1.72869177844667E-05
202601,GD,PP,하락,30,3817916,7.85768990203032E-06
202601,GD,RD,하락,23,3817916,6.02422892488991E-06
202601,SV,SP,승급,0,3817916,0
202601,SV,PT,승급,6,3817916,1.57153798040606E-06
202601,SV,GD,승급,1602,3817916,0.000419600640768419
202601,SV,SV,유지,12670,3817916,0.00331856436862414
202601,SV,BK,하락,4132,3817916,0.00108226582250631
202601,SV,PP,하락,442,3817916,0.00011576996455658
202601,SV,RD,하락,261,3817916,6.83619021476638E-05
202601,BK,SP,승급,0,3817916,0
202601,BK,PT,승급,0,3817916,0
202601,BK,GD,승급,82,3817916,2.14776857322162E-05
202601,BK,SV,승급,3756,3817916,0.000983782775734196
202601,BK,BK,유지,29873,3817916,0.00782442568144506
202601,BK,PP,하락,8780,3817916,0.00229968391132754
202601,BK,RD,하락,2186,3817916,0.000572563670861276
202601,PP,SP,승급,0,3817916,0
202601,PP,PT,승급,0,3817916,0
202601,PP,GD,승급,24,3817916,6.28615192162426E-06
202601,PP,SV,승급,482,3817916,0.000126246884425954
202601,PP,BK,승급,8124,3817916,0.00212786242546981
202601,PP,PP,유지,119282,3817916,0.031242698896466
202601,PP,RD,하락,30789,3817916,0.00806434714645372
202601,RD,SP,승급,0,3817916,0
202601,RD,PT,승급,12,3817916,3.14307596081213E-06
202601,RD,GD,승급,71,3817916,1.85965327681384E-05
202601,RD,SV,승급,457,3817916,0.000119698809507595
202601,RD,BK,승급,2459,3817916,0.000644068648969752
202601,RD,PP,승급,28848,3817916,0.00755595460979236
202601,RD,RD,유지,3552243,3817916,0.930414131688597
202602,SP,SP,유지,169,3849170,4.39055692525921E-05
202602,SP,PT,하락,0,3849170,0
202602,SP,GD,하락,0,3849170,0
202602,SP,SV,하락,0,3849170,0
202602,SP,BK,하락,0,3849170,0
202602,SP,PP,하락,0,3849170,0
202602,SP,RD,하락,1,3849170,2.59796267766817E-07
202602,PT,SP,승급,0,3849170,0
202602,PT,PT,유지,1754,3849170,0.000455682653662997
202602,PT,GD,하락,0,3849170,0
202602,PT,SV,하락,0,3849170,0
202602,PT,BK,하락,0,3849170,0
202602,PT,PP,하락,0,3849170,0
202602,PT,RD,하락,3,3849170,7.79388803300452E-07
202602,GD,SP,승급,0,3849170,0
202602,GD,PT,승급,0,3849170,0
202602,GD,GD,유지,5847,3849170,0.00151902877763258
202602,GD,SV,하락,1336,3849170,0.000347087813736468
202602,GD,BK,하락,64,3849170,1.66269611370763E-05
202602,GD,PP,하락,12,3849170,3.11755521320181E-06
202602,GD,RD,하락,32,3849170,8.31348056853815E-06
202602,SV,SP,승급,0,3849170,0
202602,SV,PT,승급,2,3849170,5.19592535533635E-07
202602,SV,GD,승급,1428,3849170,0.000370989070371015
202602,SV,SV,유지,13177,3849170,0.00342333542036335
202602,SV,BK,하락,3478,3849170,0.00090357141929299
202602,SV,PP,하락,362,3849170,9.40462489315879E-05
202602,SV,RD,하락,243,3849170,6.31304930673366E-05
202602,BK,SP,승급,0,3849170,0
202602,BK,PT,승급,0,3849170,0
202602,BK,GD,승급,54,3849170,1.40289984594081E-05
202602,BK,SV,승급,3494,3849170,0.00090772815957726
202602,BK,BK,유지,30972,3849170,0.00804641000527387
202602,BK,PP,하락,7738,3849170,0.00201030351997963
202602,BK,RD,하락,1677,3849170,0.000435678341044953
202602,PP,SP,승급,0,3849170,0
202602,PP,PT,승급,0,3849170,0
202602,PP,GD,승급,14,3849170,3.63714774873544E-06
202602,PP,SV,승급,454,3849170,0.000117947505566135
202602,PP,BK,승급,7480,3849170,0.00194327608289579
202602,PP,PP,유지,121822,3849170,0.0316489009318892
202602,PP,RD,하락,26754,3849170,0.00695058934783343
202602,RD,SP,승급,0,3849170,0
202602,RD,PT,승급,12,3849170,3.11755521320181E-06
202602,RD,GD,승급,60,3849170,1.5587776066009E-05
202602,RD,SV,승급,288,3849170,7.48213251168434E-05
202602,RD,BK,승급,1864,3849170,0.000484260243117347
202602,RD,PP,승급,25749,3849170,0.00668949409872778
202602,RD,RD,유지,3592830,3849170,0.933403824720654
